BIN,PART NUMBER,PART DESCRIPTION,QTY
A2,BULK484525-BK2OD TX,"48X45X25 USED BULK BOX-BLK OD",3
A2,METAL59.54838-COLU,"593/4)X45x38 Colapsed Metal B",13
A2,PALL4438-BLKSTK  U,"44x38 BLK OD STK",1797
A2-1,BULK37X24X23S    U,"37x24x23 Small Steel Bin",22
A5-1,LID4845-USED-ORB,"48X45 Used Lid-ORBIS",52
A5-2,LIDTS48450300BH  N,"48X45 NEW LID -BH-SqC",71
A5-3,LID3230-SFSC     U,"32X30 USED LID SF SQUARE CRNR",160
A5-3,LID4845-SFR      U,"48X45 USED LID - SF ROUNDED",28
A5-3,LID4845-SFSC     U,"48X45 USED LID",23
A5-3,LID4845-TD-YEL   N,"48X45 NEW LID - TD YELLOW",3
A5-3,LID4845-TS-BLK   U,"48X45 Used /TH BLACK",36
A5-3,LID4845-VFAC     U,"48X45 USED LID",79
A5-3,MACX404831       U,"40X48X31 MACX BIN",5
A5-3,PALL4845-BH-BK   N,"48X45 USED PALLET NO CAPS LIP",27
A5-4,BULK323030-MX2   U,"32X30X30 USED BULK BOX-MIX",184
A5-4,LID3230-SFRC     U,"32X30 USED LID Round Corner",90
A5-4,LID3230-SFSC     U,"32X30 USED LID SF SQUARE CRNR",24
A6-1,SEED-CENTERFLOW  U,"USED CENTERFLOW",28
A6-1,SEED-CENTERFLOW-LN,"NEW CENTERFLOW",2
A6-2,LID56.545-SEED   N,"56.5X45 NEW LID - SEEDBOX",25
A6-2,SEED-CENTERFLOW  U,"USED CENTERFLOW",29
A6-2,SEED-LID         U,"SEEDBOX LID BUCKHORN",8
A6-3,LID56.545-SEED   N,"56.5X45 NEW LID - SEEDBOX",100
A6-3,SEED-CENTERFLOW  U,"USED CENTERFLOW",16
A6-3,SEED-LID         U,"SEEDBOX LID BUCKHORN",18
A6-3,SEEDBOX-RING,"SEEDBOX RING ONLY",17
A6-4,BULK323025-BK2   T,"32X30X25 USED BULK BOX-BLK",7
A6-4,BULK323025-MX2   T,"32X30X25 USED BULK BOX-MIX",2
A6-4,BULK323034-BK2   TX,"32X30X34 USED BULK BOX-BLK",31
A6-4,BULK323034-MX2   TX,"32X30X34 USED BULK BOX-MIX",44
A6-4,BULK323034-MX2   U,"32X30X34 USED BULK BOX-MIX",43
A6-5,PALL-RACX4048    N,"RACX 40 X 48 PALLETS",31
A6-5,TOTE24227-BLU    U,"24X22X7USED TOTE - BLUE",476
A6-5,TOTE24227-GREY   U,"24X22X7USED TOTE - GREY",80
A6-5,TOTE481511-GR    N,"48X15X11 New Tote Grey",360
A6-6,TOTE24119-BLK-LIDU,"24X11X9 USED TOTE - BLACK ESD",65
A6-7,BULK704825-BK2   U,"70X48X25 USED BULK BOX-BLK",16
A6-7,BULK704834-BK2   U,"70X48X34 USED BULK BOX-BLK",28
A6-7,BULK704834-MX2   U,"70X48X34 USED BULK BOX-MIX",52
A6-8,BULK704825-BK0   U,"70X48X25 USED BULK BOX-BLK",3
A6-8,BULK704825-BK2   U,"70X48X25 USED BULK BOX-BLK",14
A6-8,BULK704825-MX2   U,"70X48X25 USED BULK BOX-MIX",1
A6-8,BULK704834-BK2   U,"70X48X34 USED BULK BOX-BLK",10
A6-8,BULK704834-MX1WW U,"70X48X34 USED BULK BOX-MIX",31
A6-8,BULK704834-MX2   U,"70X48X34 USED BULK BOX-MIX",12
A6-8,BULK784834-BK2   U,"78X48X34 USED BULK BOX-BLK",2
A6-8,BULK784834-MX2   U,"78X48X34 USED BULK BOX-MIX",1
A6-9,BULK323034-MXTD  N,"32X30X34 NEW BULK BOX-MX",41
A6-9,PALL3042-BLKN    U,"30X42 USED PALLET - NESTABLE",879
A7-1,BULK624834-BK2   U,"62X48X34 USED BULK BOX-BLK",30
A7-1,BULK624834-MX2   U,"62X48X34 USED BULK BOX-MIX",3
A7-2,BULK41X28X27W/L  U,"41X28X27 BULK BOX MIX WITH LID",85
A7-2,BULK482825-BK1   U,"48X28X25 USED BULK BOX - BLK",5
A7-2,BULK483025-MX2   U,"48X30X25 USED BULK BOX - BLK",3
A7-3,BULK41X28X27W/L  U,"41X28X27 BULK BOX MIX WITH LID",85
A7-3,BULK482825-BK0   U,"48X28X25 USED BULK BOX - BLK",7
A7-3,BULK482825-BK2   U,"48X28X25 USED BULK BOX - BLK",1
A7-4,PALL4438-BLKSTK  U,"44x38 BLK OD STK",185
A7-5,BULK574825-MX2   U,"57X48X25 USED BULK BOX-MIX",2
A7-5,BULK574834-BK2   TX,"57X48X34 USED BULK BOX-BLK",16
A7-5,BULK574834-MX2   TX,"57X48X34 USED BULK BOX-MIX",16
A7-5,BULK574834-MX2   U,"57X48X34 USED BULK BOX-MIX",40
A7-5,BULK574842-MX2   U,"57X48X42 USED BULK BOX-MIX",1
A7-5,BULK574844-BK2   U,"57X48X44 USED BULK BOX",7
A7-6,BULK574834-BK2   U,"57X48X34 USED BULK BOX-BLK",33
A7-6,BULK574834-MX2   U,"57X48X34 USED BULK BOX-MIX",17
A7-6,LID4857MOD       U,"48X57 MOD LID",17
A7-6,LID4857VF        U,"48X57 VF",34
A7-7,BULK574850-BKOD  U,"57X48X50 BKOD",6
A7-7,BULK574850-MX2H  U,"57X48X50 MX 2H",12
A7-7,BULK64.54834-BK2 U,"64.5X48X34 USED BULK BOX-BLK",27
A7-7,BULK64.54834-MX2 U,"64.5X48X34 USED BULK BOX-MIX",14
A7-7,BULK64.54842-BK2 U,"64.5X48X42 USED BULK BOX-BLK",1
A7-7,BULK64.54842-MX2 U,"64.5X48X42 USED BULK BOX-MIX",2
A7-7,BULK64.54844-BK2 U,"64.5X48X44 USED BULK BOX-BLK",2
A7-7,BULK64.54844-MX2 U,"64.5X48X44 USED BULK BOX-MIXED",3
A7-7,BULK654817FWBLK  U,"65x48x17USED FIXED WALL - BLK",4
A7-8,BULK704825-BK2   U,"70X48X25 USED BULK BOX-BLK",6
A7-8,BULK704825-MX2   U,"70X48X25 USED BULK BOX-MIX",1
A7-8,BULK704834-BK2   TX,"70X48X34 USED BULK BOX-BLK",1
A7-8,BULK704834-BK2   U,"70X48X34 USED BULK BOX-BLK",29
A7-8,BULK704834-MX2   U,"70X48X34 USED BULK BOX-MIX",11
A7-9,BULK484542-BK2CD U,"48X45X42 USED BULK BOX-BLK CD",3
A7-9,BULK484542-BK2OD TX,"48X45X42 USED BULK BOX-BLK OD",2
A7-9,BULK484542-BK2OD U,"48X45X42 USED BULK BOX-BLK OD",11
A7-9,BULK484542-MX2CD U,"48X45X42 USED BULK BOX-MIX CD",2
A7-9,BULK484542-MX2OD TX,"48X45X42 USED BULK BOX-MIX-TX",3
A7-9,BULK484542-MX2OD U,"48X45X42 USED BULK BOX-MX OD",61
B5-7,BULK484534-BK2OD U,"48X45X34 USED BULK BOX-BLK OD",28
B5-7,BULK484534-MX2OD U,"48X45X34 USED BULK BOX-MIX OD",7
B5-8,BULK484534-BK2OD U,"48X45X34 USED BULK BOX-BLK OD",118
B5-8,BULK484534-MX2OD U,"48X45X34 USED BULK BOX-MIX OD",10
B6-1,BULK484534-MX2OD U,"48X45X34 USED BULK BOX-MIX OD",119
B6-2,BULK484534-BK2OD TX,"48X45X34 USED BULK BOX-BLK OD",96
B6-3,BULK484534-BK2CD TX,"48X45X34 USED BULK BOX-BLK CD",144
B6-4,BULK484534-BK2CD TX,"48X45X34 USED BULK BOX-BLK CD",144
B6-5,BULK484534-BK2CD TX,"48X45X34 USED BULK BOX-BLK CD",144
B6-6,BULK484539-BK2CD U,"48X45X39 USED BULK BOX-BLK CD",1
B6-6,BULK484539-MX2CD U,"48X45X39 USED BULK BOX-MIX CD",1
B6-6,BULK484542-BK2CD U,"48X45X42 USED BULK BOX-BLK CD",2
B6-6,BULK484542-BK2OD U,"48X45X42 USED BULK BOX-BLK OD",48
B6-6,BULK484542-MX2CD U,"48X45X42 USED BULK BOX-MIX CD",1
B6-6,BULK484542-MX2OD U,"48X45X42 USED BULK BOX-MX OD",2
B6-6,BULK484544-BK2CDBU,"48X45X44 USED  BLACKBH CD",1
B6-6,BULK484544-BK2OD U,"48X45X44 USED BULK BOX-BLK OD",5
B6-6,BULK484544-MX2CD U,"48X45X44 USED BULK BOX-MIX CD",7
B6-6,BULK484544-MX2OD U,"48X45X44 USED BULK BOX-MIX OD",2
B6-6,BULK484548-BK2OD U,"48X45X48 USED BULK BOX-BLK OD",8
B6-6,BULK484548-MX2OD U,"48X45X48 USED BULK BOX-MIX OD",3
B6-7,BULK64.54825-BK0 U,"64.5X48X25 USED BULK BOX-BLK",3
B6-7,BULK64.54825-BK2 U,"64.5X48X25 USED BULK BOX-BLK",75
B6-7,BULK64.54825-MX2 U,"64.5X48X25 USED BULK BOX-MIX",9
B6-8,ARENA330,"ARENA CONTAINER 330",1
B6-8,BULK485634-MOD   U,"48X56X34 Used Bulk Box",6
B6-8,BULK487534-BKMOD N,"48X75X34 NEW BULK BOX - MOD",3
B6-8,BULK488825-BKROPOMOD,"48X88X25 MOD BULK BOX-BLK OD",7
B6-8,BULK574842-BK1   U,"57X48X42 USED BULK BOX-BLK",7
B6-8,LID4845-GREY-RED U,"48X45 USED LID - RED/GREY",36
B6-8,PALL4048-BKNODA  U,"40X48 USED PALLET - NEST OPEN",15
B6-9,BULK109X48X34TD  U,"109x48x34TD Modified",1
B6-9,BULK113X48X25BK  U,"113x48x25TD Modified all steel",5
B6-9,BULK48114.534TD  MOD,"BULK BOX 48X114.5X34 TD BK",1
B6-9,LID11748         U,"117x48-with metal corner",6
B7-1,BULK574842-MX2   U,"57X48X42 USED BULK BOX-MIX",1
B7-1,BULK574844-BK2   U,"57X48X44 USED BULK BOX",2
B7-1,BULK574844-MX2   U,"57X48X44 USED BULK BOX",2
B7-1,BULK624834-BK2   U,"62X48X34 USED BULK BOX-BLK",4
B7-1,BULK624834-MX2   U,"62X48X34 USED BULK BOX-MIX",1
B7-1,BULK624850-MX2   U,"62X48X50 USED BULK BOX-MIX",1
B7-1,BULK704834-BK2   U,"70X48X34 USED BULK BOX-BLK",10
B7-1,BULK704834-MX2   U,"70X48X34 USED BULK BOX-MIX",6
B7-2,BULK64.54825-BK2 U,"64.5X48X25 USED BULK BOX-BLK",4
B7-2,BULK64.54834-BK2 U,"64.5X48X34 USED BULK BOX-BLK",1
B7-2,BULK64.54834-MX2 U,"64.5X48X34 USED BULK BOX-MIX",74
B7-3,BULK624825-BK2   U,"62X48X25 USED BULK BOX-BLK",1
B7-3,BULK624825-MX2   U,"62X48X25 USED BULK BOX-MIXED",1
B7-3,BULK624834-BK1   T,"62X48X34 USED BULK BOX-BLK",2
B7-3,BULK624834-BK2   U,"62X48X34 USED BULK BOX-BLK",88
B7-3,BULK624834-MX2   U,"62X48X34 USED BULK BOX-MIX",4
B7-4,BULK574825-MX2   U,"57X48X25 USED BULK BOX-MIX",1
B7-4,BULK574834-BK2   U,"57X48X34 USED BULK BOX-BLK",32
B7-4,BULK574834-MX2   U,"57X48X34 USED BULK BOX-MIX",61
B7-5,BULK404825-BK2   U,"40X48X25 USED BULK BOX-BLK",2
B7-5,BULK404825-MX1   U,"40X48X25 USED BULK BOX-MIX",2
B7-5,BULK404834-BK2   U,"40X48X34 USED BULK BOX-BLK",3
B7-5,BULK404834-MX2   TX,"40X48X34 USED BULK BOX-MX",36
B7-5,BULK404834-MX2   U,"40X48X34 USED BULK BOX-MIX",2
B7-5,BULK404839-BK1   U,"40X48X39 USED BULK BOX-BLK",1
B7-5,BULK404839-BK2   U,"40X48X39 USED BULK BOX-BLK",2
B7-5,BULK404842-MX2   U,"40X48X42 USED BULK BOX-MIX",2
B7-5,BULK404846-BK2   U,"40X48X46 USED BULK BOX-BLK",1
B7-5,BULK404846-MX1   U,"40X48X46 USED BULK BOX-MIX",2
B7-5,BULK404846-MX2   U,"40X48X46 USED BULK BOX-MIX",6
B7-5,BULK404850-BK2   U,"40X48X50 USED BULK BOX-BLK",1
B7-5,LID4048-SFAC     U,"40X48 USED LID SF ANGLE CORNER",37
B7-5,LID4048-SFRC     U,"40X48 USED LID SF ROUND CORNER",31
B7-6,BULK484534-BK1BH U,"48X45X34 USED BULK BOX-BLK",1
B7-6,BULK484534-MX1BH U,"48X45X34 USED BULK BOX-MIX",1
B7-6,BULK484534-MX2OD U,"48X45X34 USED BULK BOX-MIX OD",125
B7-7,BULK484533-MX1OD U,"48X45X33 USED BULK BOX-MIX OD",1
B7-7,BULK484534-MX2OD U,"48X45X34 USED BULK BOX-MIX OD",94
B7-8,BULK484534-BK2OD U,"48X45X34 USED BULK BOX-BLK OD",128
B7-9,BULK484534-BK2OD U,"48X45X34 USED BULK BOX-BLK OD",139
C5-1,BULK844834-TDW/STN,"84X48x34 Used Bulk Box BLK",28
C5-2,BULK844834-TDW/STN,"84X48x34 Used Bulk Box BLK",28
C5-3,BULK484534-BK2CD TX,"48X45X34 USED BULK BOX-BLK CD",128
C5-4,BULK624850-MX2   U,"62X48X50 USED BULK BOX-MIX",25
C5-4,BULK64.54844-BK2 U,"64.5X48X44 USED BULK BOX-BLK",11
C5-4,BULK64.54844-MX2 U,"64.5X48X44 USED BULK BOX-MIXED",1
C5-4,BULK64.54850-MX2 U,"64.5X48X50 USED BULK BOX-MIX",1
C5-4,BULK704850-BK2   U,"70X48X50 USED BULK BOX-BLK",2
C6-1,BULK4844.527BK2CD,"48x44.5x27 BK2CD",65
C6-1,BULK484525-BKCD1TU,"48X45X25 USED BULK BOX-BLK CD",5
C6-1,BULK484525-MX0CD U,"48X45X25 USED BULK BOX-MIX CD",1
C6-1,BULK484525-MX0OD U,"48X45X25 USED BULK BOX-MIX OD",3
C6-1,BULK484525-MX2OD U,"48X45X25 USED BULK BOX-MIX OD",7
C6-1,BULK484527-MXCD,"48X45X27- Used Bulk Box Blk CD",6
C6-2,BULK484534-MX2BH U,"48X45X34 USED BULK BOX-MIX",2
C6-2,BULK484534-MX2CD U,"48X45X34 USED BULK BOX-MIX CD",126
C6-3,BULK4844.527MX0CDU,"48x44.5x27 MX0CD",111
C6-3,BULK484527-MXCD,"48X45X27- Used Bulk Box Blk CD",36
C6-4,BULK4844.5-34BKMFN,"48X44.5X34 NEW BULK BOX BLACK",16
C6-4,BULK484525-BKTD  N,"48X45X25 NEW BULK BOX-BLK",15
C6-4,BULK484534-BKTD  N,"48X45X34 NEW BULK BOX-BLK",3
C6-4,BULK484544-BK2CD TX,"48X45X44 USED BULK BOX-BLK CD",1
C6-4,BULK484544-BK2CD U,"48X45X44 USED BULK BOX-BLK CD",4
C6-4,BULK484544-BK2OD TX,"48X45X44 USED BULK BOX-BLK OD",45
C6-4,BULK484544-BK2OD U,"48X45X44 USED BULK BOX-BLK OD",4
C6-5,LIIDTOTE1215BLUE U,"12x15 Used Tote Blue",185
C6-5,LIIDTOTE1215GREY,"12x15 Used Grey Lid",24
C6-5,LIIDTOTE2415GREY U,"24x15 Used Tote Lid Grey",78
C6-5,TOTE24119-BLK-NL U,"24X11X9 USED TOTE - BLACK ESD",95
C6-5,TOTE241511-BL    U,"24X15X11 USED TOTE - BLUE",58
C6-5,TOTE242211-BLK   U,"24X22X11 USED TOTE - BLACK ESD",129
C6-5,TOTE242214-MX    U,"24X22X14 USED TOTE - MIXED",35
C6-5,TOTE32157-MIX    U,"32X15X7 TOTE - MIX",16
C6-5,TOTE48157-MX     U,"48X15X7 USED TOTE - MIXED",33
C6-5,TOTE48227-GREY   U,"48X22X7 USED TOTE - GREY",95
C6-6,TOTE242214-BLU   U,"24X22X14 USED TOTE - BLUE",314
C6-6,TOTE24227-GREY   U,"24X22X7USED TOTE - GREY",66
C6-6,TOTE24229-BLU    U,"24X22x9 USED TOTE - BLUE",30
C6-7,BULK484534-MX2OD U,"48X45X34 USED BULK BOX-MIX OD",99
C6-8,BULK64.54825-BK2 U,"64.5X48X25 USED BULK BOX-BLK",2
C6-8,BULK64.54825-MX2 U,"64.5X48X25 USED BULK BOX-MIX",46
C6-8,BULK64.54834-BK2 U,"64.5X48X34 USED BULK BOX-BLK",18
C6-8,BULK64.54834-BKLSU,"64.5X48X34 USED BULK BOX-BLK",3
C6-8,BULK64.54834-MX2 U,"64.5X48X34 USED BULK BOX-MIX",4
C6-8,BULK64.54834-MXLSU,"64.5X48X34 USED BULK BOX-MIX",10
C6-8,BULK704834-BK2   U,"70X48X34 USED BULK BOX-BLK",11
C6-8,BULK704834-MX2   U,"70X48X34 USED BULK BOX-MIX",1
C6-9,BULK64.54825-MX2 U,"64.5X48X25 USED BULK BOX-MIX",95
C7-1,BULK64.54825-BK2 U,"64.5X48X25 USED BULK BOX-BLK",57
C7-1,BULK64.54825-MX2 U,"64.5X48X25 USED BULK BOX-MIX",13
C7-1,BULK64.54833-BK2 U,"64.5X48X33 USED BULK BOX-BLK",2
C7-1,BULK64.54834-MX2 TX,"64.5X48X34 USED BULK BOX-MIX",6
C7-1,BULK64.54834-MX2 U,"64.5X48X34 USED BULK BOX-MIX",17
C7-2,BULK484517-BKFW  U,"48X45X17 USED FIXED WALL - BLK",4
C7-2,BULK484519-BKFW  U,"48X45X19 USED FIXED WALL - BLK",6
C7-2,BULK484521-BKFW  U,"48X45X21 USED FIXED WALL - BLK",46
C7-2,BULK484521-MXFW  U,"48X45X21 USED FIXED WALL - MIX",1
C7-3,BULK574825-MX2   U,"57X48X25 USED BULK BOX-MIX",44
C7-3,BULK574834-BK2   U,"57X48X34 USED BULK BOX-BLK",10
C7-3,BULK574834-MX2   U,"57X48X34 USED BULK BOX-MIX",37
C7-3,BULK574842-BK2   U,"57X48X42 USED BULK BOX-BLK",3
C7-3,BULK574842-MX2   U,"57X48X42 USED BULK BOX-MIX",3
C7-3,BULK574844-MX2   U,"57X48X44 USED BULK BOX",2
C7-4,BULK484525-MX2BH U,"48X45X25 USED BULK BOX-MIX BH",1
C7-4,BULK484525-MX2CD U,"48X45X25 USED BULK BOX-MIX CD",114
C7-4,BULK484525-MX2OD U,"48X45X25 USED BULK BOX-MIX OD",24
C7-5,BULK484525-BK2CD U,"48X45X25 USED BULK BOX-BLK CD",143
C7-6,BULK484525-MX2OD U,"48X45X25 USED BULK BOX-MIX OD",47
C7-6,BULK484534-BK2CD U,"48X45X34 USED BULK BOX-BLK CD",1
C7-7,BULK484534-MX2CD U,"48X45X34 USED BULK BOX-MIX CD",142
C7-8,BULK484534-MX2BH U,"48X45X34 USED BULK BOX-MIX",1
C7-8,BULK484534-MX2CD U,"48X45X34 USED BULK BOX-MIX CD",93
C7-9,BULK404834-MX2   TX,"40X48X34 USED BULK BOX-MX",125
D5-1,BULK484550-BK2CD U,"48X45X50 USED BULK BOX-BLK CD",9
D5-1,BULK484550-BK2OD U,"48X45X50 USED BULK BOX-BLK OD",34
D5-1,BULK484550-MX2CD U,"48X45X50 USED BULK BOX-MIX CD",2
D5-1,BULK484550-MX2OD U,"48X45X50 USED BULK BOX-MIX OD",12
D5-3,LID4857SF        U,"48X57 SF",3
D5-3,LID4857VF        U,"48X57 VF",10
D5-3,PALL-JERSEYW/CAP U,"JERSEY PALLETS W/ CAP",10
D5-3,PALL3947-NEST    U,"39x47 NESTABLE",10
D5-3,PALL4048-BKNODA  U,"40X48 USED PALLET - NEST OPEN",46
D5-3,PALL4048-RS      U,"40X48 USED PALLET - RACK/STACK",48
D5-3,PALL4332-BKS     U,"43X32 USED PALLET - BLK",35
D5-3,PALL4351-NEST    U,"43X51 USED NEST",4
D5-3,PALL4545-BKN     U,"45X45 USED PALLET - BLK",28
D5-3,PALL4545-BKSTACK U,"45X45 USED PALLET - BLK stack",4
D5-3,PALL47.5X31.5-BLKU,"PALL47.5X31.5-Blk",5
D5-3,PALL47.5X31.5-BLUU,"PALL47.5X31.5-Blue",41
D5-3,PALL4732-NEST    U,"PALL4732-NEST",7
D5-3,PALL56X48PPOD    U,"56x48-PPOD Stack",15
D5-5,BULK484550-BK2OD U,"48X45X50 USED BULK BOX-BLK OD",6
D5-5,BULK64.54850-BK2 TX,"64.5X48X50 USED BULK BOX-BLK",3
D5-5,BULK64.54850-MX2 TX,"64.5X48X50 USED BULK BOX-MX",20
D5-6,BULK484539-MX2CD U,"48X45X39 USED BULK BOX-MIX CD",1
D5-6,BULK484539-MX2OD U,"48X45X39 USED BULK BOX-MIX OD",25
D5-7,TOTE241514-GN    U,"24X15X14 USED TOTE - GREEN",161
D5-7,TOTE24157-RED    U,"24X15X7 USED TOTE - RED",242
D5-7,TOTE242214-MX    U,"24X22X14 USED TOTE - MIXED",6
D5-7,TOTE24227-MIX    U,"24X22X7USED TOTE - MIXED",2
D5-8,LID4845-VFSC     U,"48X45 USED LID",48
D5-8,TOTE12157-MIX    U,"12X15X7 USED TOTE - MIXED",5
D5-8,TOTE1275-GREY    U,"12x7x5  Used Tote -GREY",8
D5-8,TOTE24155-MX     U,"24X15X5 USED TOTE- MIX",68
D5-8,TOTE24157-MX     U,"24X15X7 USED TOTE - MIX",21
D5-8,TOTE242211-MX    U,"24X22X11 USED TOTE - MIXED",31
D5-8,TOTE24227-MIX    U,"24X22X7USED TOTE - MIXED",42
D5-8,TOTE24229-MX     U,"24X22x9 Used Tote Mix",3
D5-8,TOTE32157-GREY   ORB,"32X15X7 USED TOTE - Grey",16
D5-8,TOTE32157-MIX    U,"32X15X7 TOTE - MIX",39
D5-8,TOTE481511-MX    U,"48X15X11 Used Tote MX",65
D5-8,TOTE48157-MX     U,"48X15X7 USED TOTE - MIXED",32
D5-8,TOTE48227-GREY   U,"48X22X7 USED TOTE - GREY",152
D6-1,BULK323025-BK0   U,"32X30X25 USED BULK BOX-BLK",55
D6-1,BULK323025-MX0   U,"32X30X25 USED BULK BOX-MIX",2
D6-1,BULK323034-MX0   U,"32X30X34 USED BULK BOX-MIX",1
D6-1,BULK323034-MX1   U,"32X30X34 USED BULK BOX-MIX",3
D6-1,BULK323039.5-BK1 U,"32X30X39.5 USED BULK BOX-BLK",1
D6-1,BULK323039.5-BK2 U,"32X30X39.5 USED BULK BOX-BLK",49
D6-1,BULK323039.5-MX2 U,"32X30X39.5 USED BULK BOX-MIX",2
D6-1,BULK364550       U,"36x45x50 1 Removable Wall",2
D6-10,BULK323034-MX2   U,"32X30X34 USED BULK BOX-MIX",156
D6-11,BULK323034-BK2   U,"32X30X34 USED BULK BOX-BLK",156
D6-12,BULK323034-BK2   U,"32X30X34 USED BULK BOX-BLK",156
D6-2,BULK323030-BK2   U,"32X30X30 USED BULK BOX-BLK",72
D6-2,BULK323030-MX2   U,"32X30X30 USED BULK BOX-MIX",34
D6-3,BULK323025-BK2   T,"32X30X25 USED BULK BOX-BLK",30
D6-3,BULK323025-BK2   U,"32X30X25 USED BULK BOX-BLK",2
D6-3,BULK323025-MX2   U,"32X30X25 USED BULK BOX-MIX",33
D6-4,BULK323034-MX2   U,"32X30X34 USED BULK BOX-MIX",68
D6-5,BULK323034-BK2   U,"32X30X34 USED BULK BOX-BLK",142
D6-5,BULK323034-BK2.. U,"32X30X34 USED BULK BOX-BLK",3
D6-6,BULK323034-BK2   U,"32X30X34 USED BULK BOX-BLK",155
D6-7,BULK323034-MX2   U,"32X30X34 USED BULK BOX-MIX",156
D6-8,BULK323034-MX2   U,"32X30X34 USED BULK BOX-MIX",156
D6-9,BULK323034-MX2   U,"32X30X34 USED BULK BOX-MIX",156
D7-1,BULK484534-BK2BH U,"48X45X34 USED BULK BOX-BLK",9
D7-1,BULK484534-BK2CD U,"48X45X34 USED BULK BOX-BLK CD",96
D7-1,BULK484534-MX2CD U,"48X45X34 USED BULK BOX-MIX CD",1
D7-2,BULK484534-BK2CD U,"48X45X34 USED BULK BOX-BLK CD",128
D7-3,BULK64.54834-MX2 U,"64.5X48X34 USED BULK BOX-MIX",92
D7-3,BULK64.54834-MXLSU,"64.5X48X34 USED BULK BOX-MIX",1
D7-3,BULK64.54842-MX2 U,"64.5X48X42 USED BULK BOX-MIX",1
D7-5,BULK64.54834-BKLSU,"64.5X48X34 USED BULK BOX-BLK",1
D7-5,BULK64.54834-MX2 U,"64.5X48X34 USED BULK BOX-MIX",72
D7-5,BULK64.54834-MXLSU,"64.5X48X34 USED BULK BOX-MIX",6
D7-6,BULK484534-MX2BH U,"48X45X34 USED BULK BOX-MIX",3
D7-6,BULK484534-MX2CD U,"48X45X34 USED BULK BOX-MIX CD",125
D7-7,BULK484534-MX2CD U,"48X45X34 USED BULK BOX-MIX CD",128
D7-8,BULK484534-MX2CD U,"48X45X34 USED BULK BOX-MIX CD",128
D7-9,PALL-FAB         U,"46X38 NESTABLE HD FAB PALLETS",299
F9-9,ORBIS-484534NEW,"NEW ORBIS 4845-34-22",6